iteration	score	status	description
0	66.7	keep	baseline — 10/15 pass. Failures: P5 P11 P12 P13 P14
1	73.3	keep	added thin-evidence handling to market demand agent (P5 fix)
2	80.0	keep	made commercial viability vertical-agnostic for SaaS/digital (P13 fix)
3	86.7	keep	added implicit conflict detection with examples to consensus director (P11 fix)
4	93.3	keep	added override stacking rule — max one downgrade from mechanical verdict (P12 fix)
5	100.0	keep	added custom weight documentation to methodology + report template (P14 fix)
6	100.0	keep	propagated evidence standards to all 4 remaining evaluators + synced override stacking to methodology
7	80.0	keep	added brief coherence check to orchestrator (P16 fix, Round 2 baseline)
8	85.0	keep	added Critical Alerts section + alarming findings protocol to RC (P17 fix)
9	90.0	keep	added Interpretive conflict type to Consensus Director (P18 fix)
10	95.0	keep	added variant testing execution instructions to orchestrator Step 5 (P19 fix)
11	100.0	keep	added unanimity flag (groupthink detection) to Consensus Director (P20 fix)
12	84.0	keep	added geographic scope check for multi-market launches (P21 fix, Round 3 baseline)
13	88.0	keep	added launch horizon field to brief + Timing scores against launch date (P22 fix)
14	92.0	keep	added Round 0 output validation / quality gate to Consensus Director (P23 fix)
15	96.0	keep	added user-provided data protocol + HIGH confidence rule (P24 fix)
16	100.0	keep	added differentiator defensibility to White Space + moat erosion to DA (P25 fix)
17	87.0	keep	added collection/bundle detection + per-evaluator bundle adaptations (P26 fix, Round 4 baseline 0/5)
18	90.0	keep	added B2B vs B2C section to methodology with per-evaluator adaptations (P27 fix)
19	93.0	keep	added scope creep detection across iterations with 4 signals (P28 fix)
20	97.0	keep	added appropriation risk check to Cultural Fit dimension (P29 fix)
21	100.0	keep	added confidence calibration check to Round 0 validation (P30 fix)
22	88.6	keep	added ESG/sustainability check to Cultural Fit + cost premium to Unit Economics (P31 fix, Round 5 baseline 0/5)
23	91.4	keep	connected regulatory runway to launch horizon in RC + Timing dimension (P32 fix)
24	94.3	keep	added execution capability check to Channel Fit (P33 fix)
25	97.1	keep	added claims substantiation check to RC + Devil's Advocate (P34 fix)
26	100.0	keep	added supply chain resilience to Unit Economics (P35 fix)
27	90.0	keep	added inclusive design threshold to Brand Fit + inclusivity backlash to Cultural Fit (P36 fix, Round 6 baseline 0/5)
28	92.5	keep	added climate resilience of key ingredients to supply chain + RC research (P37 fix)
29	95.0	keep	added safety testing workflow as 6th RC section + Timing incorporates testing runway (P38 fix)
30	97.5	keep	added seasonality check to Timing + target month option in Launch Horizon (P39 fix)
31	100.0	keep	expanded cannibalization to Migration Strategy Requirements in Brand Fit (P40 fix)
32	91.0	keep	added retailer buying calendar sync to Channel Fit (P41 fix, Round 7 baseline 0/5)
33	93.3	keep	distinguished Line Launch from Bundle with line-specific economics (P42 fix)
34	95.6	keep	added forward-looking competitive signals section — patents, filings, stealth (P43 fix)
35	100.0	keep	added Regulatory Divergence product-level check + Beachhead option c (P44+P45 fixed in one edit)